{"Patient": [{"birthdate": [{"distribution": [{"normal": {"mean": 1979.3809836065573, "std": 23.349948552259676, "min": 1917.0, "max": 2016.0}}]}, {"min": 1917.0}, {"max": 2016.0}]}]}